{"data":[{"empNumber":139,"lastName":"4di4hZZ0","firstName":"zAIVqb26","middleName":"Jb1HN44a","employeeId":"0347","terminationId":null},{"empNumber":86,"lastName":"5TlV","firstName":"99N75","middleName":"425","employeeId":"0295","terminationId":null},{"empNumber":2,"lastName":"Adalwin","firstName":"Odis","middleName":"","employeeId":"0002","terminationId":null},{"empNumber":69,"lastName":"Akunuri","firstName":"Ranga","middleName":"","employeeId":"0277","terminationId":null},{"empNumber":95,"lastName":"Amiano","firstName":"Timothy","middleName":"Lewis","employeeId":"0039","terminationId":null},{"empNumber":3,"lastName":"Anderson","firstName":"Peter","middleName":"Mac","employeeId":"0007","terminationId":null},{"empNumber":94,"lastName":"dulvin","firstName":"savina","middleName":"dulvin","employeeId":"0303029900","terminationId":null},{"empNumber":84,"lastName":"dulvin","firstName":"savina","middleName":"dulvin","employeeId":"0293029900","terminationId":null},{"empNumber":82,"lastName":"dulvin","firstName":"savina","middleName":"dulvin","employeeId":"0291029900","terminationId":null},{"empNumber":125,"lastName":"ejCkf0ktqJiJyJE4","firstName":"qcTrU2faxaNR6sQU","middleName":"GQdV4fzIoQYDQRAQ","employeeId":"0333","terminationId":null},{"empNumber":58,"lastName":"g","firstName":"savi","middleName":"N","employeeId":"0266","terminationId":null},{"empNumber":11,"lastName":"Harmony","firstName":"Rebecca","middleName":"","employeeId":"0042","terminationId":null},{"empNumber":142,"lastName":"kc","firstName":"vyshnav","middleName":"","employeeId":"03473443","terminationId":null},{"empNumber":52,"lastName":"lszuvmchnilszuvmchni","firstName":"rkbqaoxdhzrkbqaoxdhz","middleName":"","employeeId":"0261","terminationId":null},{"empNumber":62,"lastName":"n","firstName":"savi","middleName":"N","employeeId":"0271","terminationId":null},{"empNumber":80,"lastName":"n","firstName":"savi","middleName":"g","employeeId":"0289","terminationId":null},{"empNumber":61,"lastName":"n","firstName":"savi","middleName":"g","employeeId":"0270","terminationId":null},{"empNumber":110,"lastName":"N","firstName":"Madhu","middleName":"","employeeId":"0318","terminationId":null},{"empNumber":108,"lastName":"Na","firstName":"San","middleName":"Abcn","employeeId":"0316","terminationId":null},{"empNumber":134,"lastName":"Ndra2m2ILalWnSdT","firstName":"eSuRNbc2gaRAnIWf","middleName":"XAirElJLdLlREItb","employeeId":"0342","terminationId":null},{"empNumber":143,"lastName":"p57QIqm2","firstName":"h4CtqfZS","middleName":"m2qjReeN","employeeId":"0351","terminationId":null},{"empNumber":124,"lastName":"q5hl6Vh1","firstName":"cFwFoRoC","middleName":"nryT6Lxa","employeeId":"0332","terminationId":null},{"empNumber":92,"lastName":"R P","firstName":"Nalim","middleName":"","employeeId":"0301","terminationId":null},{"empNumber":131,"lastName":"s","firstName":"vaishnavi","middleName":"","employeeId":"03370001","terminationId":null},{"empNumber":126,"lastName":"s","firstName":"vaishnavi","middleName":"","employeeId":"03290001","terminationId":null},{"empNumber":137,"lastName":"s","firstName":"vaishnavi","middleName":"","employeeId":"03450001","terminationId":null},{"empNumber":107,"lastName":"s","firstName":"juygfdszvaishnavi","middleName":"","employeeId":"03150001","terminationId":null},{"empNumber":132,"lastName":"s","firstName":"vaishnavi","middleName":"","employeeId":"03400001","terminationId":null},{"empNumber":146,"lastName":"s","firstName":"vaishnavi","middleName":"","employeeId":"03530001","terminationId":null},{"empNumber":88,"lastName":"selvam","firstName":"joker","middleName":"john","employeeId":"0303","terminationId":null},{"empNumber":22,"lastName":"Shaheen","firstName":"Sania","middleName":"","employeeId":"0087","terminationId":null},{"empNumber":117,"lastName":"Simonis","firstName":"Santiago","middleName":"","employeeId":"032503868","terminationId":null},{"empNumber":50,"lastName":"smzocpbvswsmzocpbvsw","firstName":"zlnudvgazrzlnudvgazr","middleName":"","employeeId":"0259","terminationId":null},{"empNumber":116,"lastName":"Stiedemann","firstName":"Georgianna","middleName":"","employeeId":"032466282","terminationId":null},{"empNumber":26,"lastName":"Tencrady","firstName":"Sara","middleName":"","employeeId":"0103","terminationId":null},{"empNumber":1,"lastName":"Test","firstName":"Orange","middleName":"","employeeId":"0001","terminationId":null},{"empNumber":121,"lastName":"Testikyan","firstName":"Test","middleName":"Testyan","employeeId":"0329","terminationId":null},{"empNumber":113,"lastName":"Testikyan","firstName":"Test","middleName":"Testyan","employeeId":"0321","terminationId":null},{"empNumber":129,"lastName":"Testikyan","firstName":"Test","middleName":"Testyan","employeeId":"0337","terminationId":null},{"empNumber":120,"lastName":"Testikyan","firstName":"Test","middleName":"Testyan","employeeId":"0328","terminationId":null},{"empNumber":112,"lastName":"Testikyan","firstName":"Test","middleName":"Testyan","employeeId":"0320","terminationId":null},{"empNumber":128,"lastName":"Testikyan","firstName":"Test","middleName":"Testyan","employeeId":"0335","terminationId":null},{"empNumber":114,"lastName":"Testikyan","firstName":"Test","middleName":"Testyan","employeeId":"0322","terminationId":null},{"empNumber":118,"lastName":"Testikyan","firstName":"Test","middleName":"Testyan","employeeId":"0326","terminationId":null},{"empNumber":106,"lastName":"thiru","firstName":"murugan","middleName":"moorthi","employeeId":"0308","terminationId":null},{"empNumber":55,"lastName":"zguczzwxfazguczzwxfa","firstName":"njycvonotxnjycvonotx","middleName":"","employeeId":"0264","terminationId":null}],"meta":{"total":46},"rels":[]}