{"data":[{"empNumber":141,"lastName":"1QPMtpkp","firstName":"dpLOes3K","middleName":"XMO2FMrQ","employeeId":"0349","terminationId":null},{"empNumber":2,"lastName":"Adalwin","firstName":"Odis","middleName":"","employeeId":"0002","terminationId":null},{"empNumber":95,"lastName":"Amiano","firstName":"Timothy","middleName":"Lewis","employeeId":"0039","terminationId":null},{"empNumber":3,"lastName":"Anderson","firstName":"Peter","middleName":"Mac","employeeId":"0007","terminationId":null},{"empNumber":85,"lastName":"BqmseWxy","firstName":"L5OgwQDZ","middleName":"4Q1s9qwl","employeeId":"0294","terminationId":null},{"empNumber":133,"lastName":"buk1Jjur","firstName":"JFuPDwdD","middleName":"0sugvKsL","employeeId":"0341","terminationId":null},{"empNumber":111,"lastName":"Cvbj","firstName":"Lol","middleName":"SDF","employeeId":"0319","terminationId":null},{"empNumber":96,"lastName":"Das","firstName":"Rahul","middleName":"","employeeId":"0304","terminationId":null},{"empNumber":101,"lastName":"Das","firstName":"Rahul","middleName":"","employeeId":"123","terminationId":null},{"empNumber":98,"lastName":"Das","firstName":"Rahul","middleName":"","employeeId":null,"terminationId":null},{"empNumber":99,"lastName":"Das","firstName":"Rahul","middleName":"","employeeId":"kkt","terminationId":null},{"empNumber":97,"lastName":"Das","firstName":"Rahul","middleName":"","employeeId":null,"terminationId":null},{"empNumber":104,"lastName":"dHMpL8Ut","firstName":"tgoMdCSM","middleName":"BVhGduHw","employeeId":"0312","terminationId":null},{"empNumber":82,"lastName":"dulvin","firstName":"savina","middleName":"dulvin","employeeId":"0291029900","terminationId":null},{"empNumber":84,"lastName":"dulvin","firstName":"savina","middleName":"dulvin","employeeId":"0293029900","terminationId":null},{"empNumber":94,"lastName":"dulvin","firstName":"savina","middleName":"dulvin","employeeId":"0303029900","terminationId":null},{"empNumber":125,"lastName":"ejCkf0ktqJiJyJE4","firstName":"qcTrU2faxaNR6sQU","middleName":"GQdV4fzIoQYDQRAQ","employeeId":"0333","terminationId":null},{"empNumber":58,"lastName":"g","firstName":"savi","middleName":"N","employeeId":"0266","terminationId":null},{"empNumber":91,"lastName":"hgfkag","firstName":"Sagar","middleName":"hag","employeeId":"0300","terminationId":null},{"empNumber":142,"lastName":"kc","firstName":"vyshnav","middleName":"","employeeId":"03473443","terminationId":null},{"empNumber":52,"lastName":"lszuvmchnilszuvmchni","firstName":"rkbqaoxdhzrkbqaoxdhz","middleName":"","employeeId":"0261","terminationId":null},{"empNumber":61,"lastName":"n","firstName":"savi","middleName":"g","employeeId":"0270","terminationId":null},{"empNumber":80,"lastName":"n","firstName":"savi","middleName":"g","employeeId":"0289","terminationId":null},{"empNumber":62,"lastName":"n","firstName":"savi","middleName":"N","employeeId":"0271","terminationId":null},{"empNumber":108,"lastName":"Na","firstName":"San","middleName":"Abcn","employeeId":"0316","terminationId":null},{"empNumber":134,"lastName":"Ndra2m2ILalWnSdT","firstName":"eSuRNbc2gaRAnIWf","middleName":"XAirElJLdLlREItb","employeeId":"0342","terminationId":null},{"empNumber":143,"lastName":"p57QIqm2","firstName":"h4CtqfZS","middleName":"m2qjReeN","employeeId":"0351","terminationId":null},{"empNumber":81,"lastName":"P9VV7qP3","firstName":"KphdY2To","middleName":"TqGd16sy","employeeId":"0290","terminationId":null},{"empNumber":137,"lastName":"s","firstName":"vaishnavi","middleName":"","employeeId":"03450001","terminationId":null},{"empNumber":132,"lastName":"s","firstName":"vaishnavi","middleName":"","employeeId":"03400001","terminationId":null},{"empNumber":126,"lastName":"s","firstName":"vaishnavi","middleName":"","employeeId":"03290001","terminationId":null},{"empNumber":131,"lastName":"s","firstName":"vaishnavi","middleName":"","employeeId":"03370001","terminationId":null},{"empNumber":107,"lastName":"s","firstName":"juygfdszvaishnavi","middleName":"","employeeId":"03150001","terminationId":null},{"empNumber":146,"lastName":"s","firstName":"vaishnavi","middleName":"","employeeId":"03530001","terminationId":null},{"empNumber":88,"lastName":"selvam","firstName":"joker","middleName":"john","employeeId":"0303","terminationId":null},{"empNumber":89,"lastName":"selvi","firstName":"siva","middleName":"kumar","employeeId":"0303","terminationId":null},{"empNumber":22,"lastName":"Shaheen","firstName":"Sania","middleName":"","employeeId":"0087","terminationId":null},{"empNumber":117,"lastName":"Simonis","firstName":"Santiago","middleName":"","employeeId":"032503868","terminationId":null},{"empNumber":50,"lastName":"smzocpbvswsmzocpbvsw","firstName":"zlnudvgazrzlnudvgazr","middleName":"","employeeId":"0259","terminationId":null},{"empNumber":72,"lastName":"Sri","firstName":"Urvi","middleName":"","employeeId":"0281","terminationId":null},{"empNumber":64,"lastName":"Sri","firstName":"Urvi","middleName":"","employeeId":"0273","terminationId":null},{"empNumber":76,"lastName":"Sri","firstName":"Urvi","middleName":"","employeeId":"0285","terminationId":null},{"empNumber":71,"lastName":"Sri","firstName":"Urvi","middleName":"","employeeId":"0280","terminationId":null},{"empNumber":75,"lastName":"Sri","firstName":"Urvi","middleName":"","employeeId":"0284","terminationId":null},{"empNumber":65,"lastName":"Sri","firstName":"Urvi","middleName":"","employeeId":"0274","terminationId":null},{"empNumber":116,"lastName":"Stiedemann","firstName":"Georgianna","middleName":"","employeeId":"032466282","terminationId":null},{"empNumber":26,"lastName":"Tencrady","firstName":"Sara","middleName":"","employeeId":"0103","terminationId":null},{"empNumber":1,"lastName":"Test","firstName":"Orange","middleName":"","employeeId":"0001","terminationId":null},{"empNumber":105,"lastName":"test","firstName":"sww","middleName":"","employeeId":"0313","terminationId":null},{"empNumber":102,"lastName":"test","firstName":"sww","middleName":"","employeeId":"0310","terminationId":null}],"meta":{"total":59},"rels":[]}