{"data":[{"id":54,"userName":"4CuhTJZr","deleted":false,"status":true,"employee":{"empNumber":141,"employeeId":"0349","firstName":"dpLOes3K","middleName":"XMO2FMrQ","lastName":"1QPMtpkp","terminationId":null},"userRole":{"id":2,"name":"ESS","displayName":"ESS"}},{"id":1,"userName":"Admin","deleted":false,"status":true,"employee":{"empNumber":7,"employeeId":"0024","firstName":"eHcLk4jX","middleName":"LRHXBgB0","lastName":"ZMoZqoSE","terminationId":null},"userRole":{"id":1,"name":"Admin","displayName":"Admin"}},{"id":52,"userName":"JccvfkIH","deleted":false,"status":true,"employee":{"empNumber":125,"employeeId":"0333","firstName":"qcTrU2faxaNR6sQU","middleName":"GQdV4fzIoQYDQRAQ","lastName":"ejCkf0ktqJiJyJE4","terminationId":null},"userRole":{"id":2,"name":"ESS","displayName":"ESS"}},{"id":51,"userName":"maragaret.waelchi","deleted":false,"status":true,"employee":{"empNumber":117,"employeeId":"032503868","firstName":"Santiago","middleName":"","lastName":"Simonis","terminationId":null},"userRole":{"id":2,"name":"ESS","displayName":"ESS"}},{"id":53,"userName":"N5s0nyAc","deleted":false,"status":false,"employee":{"empNumber":134,"employeeId":"0342","firstName":"eSuRNbc2gaRAnIWf","middleName":"XAirElJLdLlREItb","lastName":"Ndra2m2ILalWnSdT","terminationId":null},"userRole":{"id":2,"name":"ESS","displayName":"ESS"}},{"id":47,"userName":"rahul","deleted":false,"status":false,"employee":{"empNumber":96,"employeeId":"0304","firstName":"Rahul","middleName":"","lastName":"Das","terminationId":null},"userRole":{"id":2,"name":"ESS","displayName":"ESS"}},{"id":48,"userName":"Rajchi700","deleted":false,"status":true,"employee":{"empNumber":69,"employeeId":"0277","firstName":"Ranga","middleName":"","lastName":"Akunuri","terminationId":null},"userRole":{"id":1,"name":"Admin","displayName":"Admin"}},{"id":11,"userName":"Rebecca.Harmony","deleted":false,"status":true,"employee":{"empNumber":11,"employeeId":"0042","firstName":"Rebecca","middleName":"","lastName":"Harmony","terminationId":null},"userRole":{"id":2,"name":"ESS","displayName":"ESS"}},{"id":57,"userName":"Sambi","deleted":false,"status":true,"employee":{"empNumber":7,"employeeId":"0024","firstName":"eHcLk4jX","middleName":"LRHXBgB0","lastName":"ZMoZqoSE","terminationId":null},"userRole":{"id":1,"name":"Admin","displayName":"Admin"}},{"id":22,"userName":"Sania.Shaheen","deleted":false,"status":true,"employee":{"empNumber":22,"employeeId":"0087","firstName":"Sania","middleName":"","lastName":"Shaheen","terminationId":null},"userRole":{"id":2,"name":"ESS","displayName":"ESS"}},{"id":26,"userName":"Sara.Tencrady","deleted":false,"status":true,"employee":{"empNumber":26,"employeeId":"0103","firstName":"Sara","middleName":"","lastName":"Tencrady","terminationId":null},"userRole":{"id":2,"name":"ESS","displayName":"ESS"}},{"id":41,"userName":"savi22dsd","deleted":false,"status":false,"employee":{"empNumber":80,"employeeId":"0289","firstName":"savi","middleName":"g","lastName":"n","terminationId":null},"userRole":{"id":2,"name":"ESS","displayName":"ESS"}}],"meta":{"total":12},"rels":[]}