{"data":[{"id":11,"post":{"id":10},"type":"photo","liked":false,"text":"#TOD ","employee":{"empNumber":2,"lastName":"Adalwin","firstName":"Odis","middleName":"","employeeId":"0002","terminationId":null},"stats":{"numOfLikes":1,"numOfComments":0,"numOfShares":0},"createdDate":"2020-10-08","createdTime":"03:39","originalPost":null,"permission":{"canUpdate":false,"canDelete":true},"photoIds":[11]},{"id":10,"post":{"id":9},"type":"text","liked":false,"text":"Hi All;\r\n\r\nLinda has been blessed with a baby boy!\r\n\r\n\r\n\r\nLinda: With love, we welcome your dear new baby to this world. Congratulations!","employee":{"empNumber":7,"lastName":"ZMoZqoS","firstName":"eHcLk4","middleName":"LRHXBgB","employeeId":"0024","terminationId":null},"stats":{"numOfLikes":1,"numOfComments":0,"numOfShares":0},"createdDate":"2020-10-08","createdTime":"03:38","originalPost":null,"permission":{"canUpdate":true,"canDelete":true}},{"id":9,"post":{"id":8},"type":"text","liked":true,"text":"World Championship: What makes the perfect snooker player?\r\n\r\nMark Selby: Robertson has one of the best techniques in the game. It is very, very straight and he fully commits to every single shot he plays.\r\n\r\nJohn Higgins: Every shot is repetitive. He always keeps the same technique and cues through the ball bang straight.\r\n\r\nBarry Hawkins: Robertson is textbook with his grip and has a ramrod solid cue action, delivering it in a straight line.\r\n\r\nHonourable mentions: Shaun Murphy, Ding Junhui, Jack Lisowski.","employee":{"empNumber":22,"lastName":"Shaheen","firstName":"Sania","middleName":"","employeeId":"0087","terminationId":null},"stats":{"numOfLikes":2,"numOfComments":0,"numOfShares":0},"createdDate":"2020-10-08","createdTime":"03:38","originalPost":null,"permission":{"canUpdate":false,"canDelete":true}},{"id":7,"post":{"id":6},"type":"photo","liked":false,"text":" Throwback Thursdays!! ","employee":{"empNumber":11,"lastName":"Harmony","firstName":"Rebecca","middleName":"","employeeId":"0042","terminationId":null},"stats":{"numOfLikes":1,"numOfComments":0,"numOfShares":0},"createdDate":"2020-10-08","createdTime":"03:34","originalPost":null,"permission":{"canUpdate":false,"canDelete":true},"photoIds":[9]}],"meta":{"total":4},"rels":[]}