{"data":[{"empNumber":141,"lastName":"1QPMtpkp","firstName":"dpLOes3K","middleName":"XMO2FMrQ","employeeId":"0349","terminationId":null},{"empNumber":150,"lastName":"1UjWc8up","firstName":"3HjhukJD","middleName":"cAN6hg8f","employeeId":"0358","terminationId":null},{"empNumber":139,"lastName":"4di4hZZ0","firstName":"zAIVqb26","middleName":"Jb1HN44a","employeeId":"0347","terminationId":null},{"empNumber":86,"lastName":"5TlV","firstName":"99N75","middleName":"425","employeeId":"0295","terminationId":null},{"empNumber":154,"lastName":"963pcM4R","firstName":"9iQ3GfIa","middleName":"tXAUagLq","employeeId":"0362","terminationId":null},{"empNumber":2,"lastName":"Adalwin","firstName":"Odis","middleName":"","employeeId":"0002","terminationId":null},{"empNumber":69,"lastName":"Akunuri","firstName":"Ranga","middleName":"","employeeId":"0277","terminationId":null},{"empNumber":95,"lastName":"Amiano","firstName":"Timothy","middleName":"Lewis","employeeId":"0039","terminationId":null},{"empNumber":3,"lastName":"Anderson","firstName":"Peter","middleName":"Mac","employeeId":"0007","terminationId":null},{"empNumber":155,"lastName":"AvyRtgJo","firstName":"U9s8qZlD","middleName":"cafu8TOy","employeeId":"0363","terminationId":null},{"empNumber":46,"lastName":"B","firstName":"Ravi","middleName":"M","employeeId":"3322","terminationId":null},{"empNumber":85,"lastName":"BqmseWxy","firstName":"L5OgwQDZ","middleName":"4Q1s9qwl","employeeId":"0294","terminationId":null},{"empNumber":133,"lastName":"buk1Jjur","firstName":"JFuPDwdD","middleName":"0sugvKsL","employeeId":"0341","terminationId":null},{"empNumber":148,"lastName":"cKcyQTC0","firstName":"gr4dLfbh","middleName":"9SEX19Yy","employeeId":"0356","terminationId":null},{"empNumber":111,"lastName":"Cvbj","firstName":"Lol","middleName":"SDF","employeeId":"0319","terminationId":null},{"empNumber":98,"lastName":"Das","firstName":"Rahul","middleName":"","employeeId":null,"terminationId":null},{"empNumber":101,"lastName":"Das","firstName":"Rahul","middleName":"","employeeId":"123","terminationId":null},{"empNumber":97,"lastName":"Das","firstName":"Rahul","middleName":"","employeeId":null,"terminationId":null},{"empNumber":99,"lastName":"Das","firstName":"Rahul","middleName":"","employeeId":"kkt","terminationId":null},{"empNumber":96,"lastName":"Das","firstName":"Rahul","middleName":"","employeeId":"0304","terminationId":null},{"empNumber":104,"lastName":"dHMpL8Ut","firstName":"tgoMdCSM","middleName":"BVhGduHw","employeeId":"0312","terminationId":null},{"empNumber":94,"lastName":"dulvin","firstName":"savina","middleName":"dulvin","employeeId":"0303029900","terminationId":null},{"empNumber":82,"lastName":"dulvin","firstName":"savina","middleName":"dulvin","employeeId":"0291029900","terminationId":null},{"empNumber":84,"lastName":"dulvin","firstName":"savina","middleName":"dulvin","employeeId":"0293029900","terminationId":null},{"empNumber":125,"lastName":"ejCkf0ktqJiJyJE4","firstName":"qcTrU2faxaNR6sQU","middleName":"GQdV4fzIoQYDQRAQ","employeeId":"0333","terminationId":null},{"empNumber":193,"lastName":"EmpLast3737649745","firstName":"EmpFirst3737649745","middleName":"EmpMiddle3737649745","employeeId":"EmpId3737","terminationId":null},{"empNumber":194,"lastName":"EmpLast6272476697","firstName":"EmpFirst6272476697","middleName":"","employeeId":"EmpId6272","terminationId":null},{"empNumber":58,"lastName":"g","firstName":"savi","middleName":"N","employeeId":"0266","terminationId":null},{"empNumber":83,"lastName":"GRzvd7PU","firstName":"xHiOQPD2","middleName":"pMoI8YqO","employeeId":"0292","terminationId":null},{"empNumber":11,"lastName":"Harmony","firstName":"Rebecca","middleName":"","employeeId":"0042","terminationId":null},{"empNumber":91,"lastName":"hgfkag","firstName":"Sagar","middleName":"hag","employeeId":"0300","terminationId":null},{"empNumber":70,"lastName":"hzzdyzwxmwhzzdyzwxmw","firstName":"uehwadquzwuehwadquzw","middleName":"","employeeId":"0279","terminationId":null},{"empNumber":136,"lastName":"joe","firstName":"virat","middleName":"","employeeId":"0344","terminationId":null},{"empNumber":167,"lastName":"joe","firstName":"virat","middleName":"","employeeId":"0375","terminationId":null},{"empNumber":115,"lastName":"joe","firstName":"virat","middleName":"","employeeId":"0323","terminationId":null},{"empNumber":130,"lastName":"joe","firstName":"virat","middleName":"","employeeId":"0338","terminationId":null},{"empNumber":119,"lastName":"joe","firstName":"virat","middleName":"","employeeId":"0327","terminationId":null},{"empNumber":122,"lastName":"joe","firstName":"virat","middleName":"","employeeId":"0330","terminationId":null},{"empNumber":182,"lastName":"joe","firstName":"virat","middleName":"","employeeId":"0390","terminationId":null},{"empNumber":179,"lastName":"joe","firstName":"virat","middleName":"","employeeId":"0387","terminationId":null},{"empNumber":184,"lastName":"Kapoor","firstName":"Nidhi","middleName":"Raj","employeeId":"0391","terminationId":null},{"empNumber":188,"lastName":"Kapoor","firstName":"Ridhi","middleName":"Raj","employeeId":"0394","terminationId":null},{"empNumber":215,"lastName":"KC","firstName":"12345678","middleName":"","employeeId":"12345678","terminationId":null},{"empNumber":197,"lastName":"KC","firstName":"12345678","middleName":"","employeeId":"12345678","terminationId":null},{"empNumber":151,"lastName":"KC","firstName":"Vyshnav","middleName":"","employeeId":"1234567","terminationId":null},{"empNumber":200,"lastName":"KC","firstName":"12345678","middleName":"","employeeId":"12345678","terminationId":null},{"empNumber":161,"lastName":"KC","firstName":"Vyshnav","middleName":"","employeeId":"1234567","terminationId":null},{"empNumber":181,"lastName":"KC","firstName":"Vyshnav","middleName":"","employeeId":"Vyshnav","terminationId":null},{"empNumber":214,"lastName":"KC","firstName":"12345678","middleName":"","employeeId":"12345678","terminationId":null},{"empNumber":211,"lastName":"KC","firstName":"12345678","middleName":"","employeeId":"12345678","terminationId":null}],"meta":{"total":152},"rels":[]}