{"data":[{"workDay":{"id":"1","day":"Mon","date":"2024-02-26"},"totalTime":{"hours":0,"minutes":0}},{"workDay":{"id":"2","day":"Tue","date":"2024-02-27"},"totalTime":{"hours":0,"minutes":0}},{"workDay":{"id":"3","day":"Wed","date":"2024-02-28"},"totalTime":{"hours":0,"minutes":0}},{"workDay":{"id":"4","day":"Thu","date":"2024-02-29"},"totalTime":{"hours":0,"minutes":0}},{"workDay":{"id":"5","day":"Fri","date":"2024-03-01"},"totalTime":{"hours":0,"minutes":0}},{"workDay":{"id":"6","day":"Sat","date":"2024-03-02"},"totalTime":{"hours":0,"minutes":0}},{"workDay":{"id":"0","day":"Sun","date":"2024-03-03"},"totalTime":{"hours":0,"minutes":0}}],"meta":{"lastAction":{"state":"PUNCHED IN","utcDate":"2024-02-06","utcTime":"04:43","userDate":"2024-02-06","userTime":"10:13","timezoneOffset":"5.5"},"currentDay":{"currentDate":{"date":"2024-02-26","label":"Feb 26"},"totalTime":{"hours":13,"minutes":49}},"currentWeek":{"startDate":{"date":"2024-02-26","label":"Feb 26"},"endDate":{"date":"2024-03-03","label":"Mar 03"},"totalTime":{"hours":0,"minutes":0}},"currentUser":{"empNumber":7,"firstName":"eHcLk4jX","middleName":"LRHXBgB0","lastName":"ZMoZqoSE","terminationId":null}},"rels":[]}