{
  "FilterHeaders": [
    {
      "Header": "x-goog-update-updater",
      "IncludeInScript": false
    },
    {
      "Header": "x-goog-update-interactivity",
      "IncludeInScript": false
    },
    {
      "Header": "x-goog-update-appid",
      "IncludeInScript": false
    },
    {
      "Header": "x-goog-encode-response-if-executable",
      "IncludeInScript": false
    },
    {
      "Header": "x-goog-api-key",
      "IncludeInScript": false
    },
    {
      "Header": "x-client-data",
      "IncludeInScript": false
    },
    {
      "Header": "user-agent",
      "IncludeInScript": false
    },
    {
      "Header": "upgrade-insecure-requests",
      "IncludeInScript": false
    },
    {
      "Header": "sec-fetch-user",
      "IncludeInScript": false
    },
    {
      "Header": "sec-fetch-site",
      "IncludeInScript": false
    },
    {
      "Header": "sec-fetch-mode",
      "IncludeInScript": false
    },
    {
      "Header": "sec-fetch-dest",
      "IncludeInScript": false
    },
    {
      "Header": "sec-ch-ua-platform",
      "IncludeInScript": false
    },
    {
      "Header": "sec-ch-ua-mobile",
      "IncludeInScript": false
    },
    {
      "Header": "sec-ch-ua",
      "IncludeInScript": false
    },
    {
      "Header": "pragma",
      "IncludeInScript": false
    },
    {
      "Header": "origin",
      "IncludeInScript": false
    },
    {
      "Header": "if-none-match",
      "IncludeInScript": false
    },
    {
      "Header": "contenttype",
      "IncludeInScript": false
    },
    {
      "Header": "content-encoding",
      "IncludeInScript": false
    },
    {
      "Header": "cache-control",
      "IncludeInScript": false
    },
    {
      "Header": "authorization",
      "IncludeInScript": false
    },
    {
      "Header": "accept-language",
      "IncludeInScript": false
    },
    {
      "Header": "accept-encoding",
      "IncludeInScript": false
    },
    {
      "Header": "accept",
      "IncludeInScript": false
    },
    {
      "Header": "a-im",
      "IncludeInScript": false
    }
  ],
  "FilterResources": [
    {
      "IsNonResource": false,
      "type": "text/plain"
    },
    {
      "IsNonResource": true,
      "type": "text/html"
    },
    {
      "IsNonResource": false,
      "type": "text/css"
    },
    {
      "IsNonResource": false,
      "type": "image/vnd.microsoft.icon"
    },
    {
      "IsNonResource": false,
      "type": "image/svg+xml"
    },
    {
      "IsNonResource": false,
      "type": "image/png"
    },
    {
      "IsNonResource": false,
      "type": "image/jpeg"
    },
    {
      "IsNonResource": false,
      "type": "application/vnd.google.octet-stream-compressible"
    },
    {
      "IsNonResource": true,
      "type": "application/json"
    },
    {
      "IsNonResource": false,
      "type": "application/javascript"
    }
  ],
  "GeneralInfo": {
    "BrowserVersion": "",
    "IsWinInetMode": false,
    "MaxUsedConnections": 16,
    "RecordedBrowser": "Chrome",
    "RecordingDate": "Feb-26-2024",
    "RecordingDuration": 106110,
    "RecordingMode": "N/A",
    "RecordingTimeStamp": 1708935538,
    "RecordingType": "Browser",
    "TotalBytesReceived": 4731889,
    "TotalBytesSent": 57353,
    "TotalRequests": 62,
    "UserAgent": "Mozilla/5.0 (Windows NT 10.0; Win64; x64) AppleWebKit/537.36 (KHTML, like Gecko) Chrome/121.0.0.0 Safari/537.36"
  },
  "HostInfo": [
    {
      "DomainName": "orangehrmlive.com",
      "Domains": [
        {
          "HTTPVersion": "HTTP/1.1",
          "IP": "78.136.60.48",
          "IncludeInScript": true,
          "Name": "opensource-demo.orangehrmlive.com",
          "Port": 443,
          "Requests": [
            {
              "CompressionType": "",
              "DataType": "application/json",
              "DownloadTime": 500,
              "EventId": 1035,
              "HttpStatus": 200,
              "Size": 332,
              "URL": "https://opensource-demo.orangehrmlive.com/web/index.php/api/v2/pim/employees/7/personal-details"
            },
            {
              "CompressionType": "",
              "DataType": "application/json",
              "DownloadTime": 344,
              "EventId": 1033,
              "HttpStatus": 200,
              "Size": 1850,
              "URL": "https://opensource-demo.orangehrmlive.com/web/index.php/api/v2/leave/holidays?fromDate=2024-01-01&toDate=2024-12-31"
            },
            {
              "CompressionType": "",
              "DataType": "application/json",
              "DownloadTime": 781,
              "EventId": 1031,
              "HttpStatus": 200,
              "Size": 1850,
              "URL": "https://opensource-demo.orangehrmlive.com/web/index.php/api/v2/leave/holidays?fromDate=2024-01-01&toDate=2024-12-31"
            },
            {
              "CompressionType": "",
              "DataType": "application/json",
              "DownloadTime": 359,
              "EventId": 1029,
              "HttpStatus": 200,
              "Size": 72,
              "URL": "https://opensource-demo.orangehrmlive.com/web/index.php/api/v2/leave/workweek?model=indexed"
            },
            {
              "CompressionType": "",
              "DataType": "application/json",
              "DownloadTime": 500,
              "EventId": 1027,
              "HttpStatus": 200,
              "Size": 6070,
              "URL": "https://opensource-demo.orangehrmlive.com/web/index.php/api/v2/pim/employees"
            },
            {
              "CompressionType": "",
              "DataType": "application/json",
              "DownloadTime": 453,
              "EventId": 1023,
              "HttpStatus": 200,
              "Size": 253,
              "URL": "https://opensource-demo.orangehrmlive.com/web/index.php/api/v2/pim/employees/7/screen/personal/attachments?limit=50&offset=0"
            },
            {
              "CompressionType": "",
              "DataType": "application/json",
              "DownloadTime": 328,
              "EventId": 1021,
              "HttpStatus": 200,
              "Size": 283,
              "URL": "https://opensource-demo.orangehrmlive.com/web/index.php/api/v2/pim/employees/7/custom-fields?screen=personal"
            },
            {
              "CompressionType": "",
              "DataType": "application/json",
              "DownloadTime": 515,
              "EventId": 1017,
              "HttpStatus": 200,
              "Size": 72,
              "URL": "https://opensource-demo.orangehrmlive.com/web/index.php/api/v2/leave/workweek?model=indexed"
            },
            {
              "CompressionType": "",
              "DataType": "application/json",
              "DownloadTime": 406,
              "EventId": 1015,
              "HttpStatus": 200,
              "Size": 150,
              "URL": "https://opensource-demo.orangehrmlive.com/web/index.php/api/v2/pim/employees/7"
            },
            {
              "CompressionType": "",
              "DataType": "application/json",
              "DownloadTime": 406,
              "EventId": 1006,
              "HttpStatus": 200,
              "Size": 332,
              "URL": "https://opensource-demo.orangehrmlive.com/web/index.php/api/v2/pim/employees/7/personal-details"
            },
            {
              "CompressionType": "",
              "DataType": "",
              "DownloadTime": 375,
              "EventId": 1004,
              "HttpStatus": 304,
              "Size": 0,
              "URL": "https://opensource-demo.orangehrmlive.com/web/index.php/pim/viewPhoto/empNumber/7"
            },
            {
              "CompressionType": "",
              "DataType": "",
              "DownloadTime": 328,
              "EventId": 997,
              "HttpStatus": 304,
              "Size": 0,
              "URL": "https://opensource-demo.orangehrmlive.com/web/index.php/core/i18n/messages"
            },
            {
              "CompressionType": "",
              "DataType": "text/html",
              "DownloadTime": 546,
              "EventId": 994,
              "HttpStatus": 200,
              "Size": 20779,
              "URL": "https://opensource-demo.orangehrmlive.com/web/index.php/pim/viewPersonalDetails/empNumber/7"
            },
            {
              "CompressionType": "",
              "DataType": "text/html",
              "DownloadTime": 281,
              "EventId": 992,
              "HttpStatus": 302,
              "Size": 610,
              "URL": "https://opensource-demo.orangehrmlive.com/web/index.php/pim/viewMyDetails"
            },
            {
              "CompressionType": "",
              "DataType": "application/json",
              "DownloadTime": 328,
              "EventId": 985,
              "HttpStatus": 200,
              "Size": 287,
              "URL": "https://opensource-demo.orangehrmlive.com/web/index.php/api/v2/admin/users?limit=50&offset=0&username=Admin&userRoleId=1&empNumber=7&status=1&sortField=u.userName&sortOrder=ASC"
            },
            {
              "CompressionType": "",
              "DataType": "application/json",
              "DownloadTime": 328,
              "EventId": 983,
              "HttpStatus": 200,
              "Size": 304,
              "URL": "https://opensource-demo.orangehrmlive.com/web/index.php/api/v2/pim/employees?nameOrId=eh"
            },
            {
              "CompressionType": "",
              "DataType": "application/json",
              "DownloadTime": 359,
              "EventId": 973,
              "HttpStatus": 200,
              "Size": 4098,
              "URL": "https://opensource-demo.orangehrmlive.com/web/index.php/api/v2/admin/users?limit=50&offset=0&sortField=u.userName&sortOrder=ASC"
            },
            {
              "CompressionType": "",
              "DataType": "",
              "DownloadTime": 296,
              "EventId": 971,
              "HttpStatus": 304,
              "Size": 0,
              "URL": "https://opensource-demo.orangehrmlive.com/web/index.php/pim/viewPhoto/empNumber/7"
            },
            {
              "CompressionType": "",
              "DataType": "",
              "DownloadTime": 328,
              "EventId": 969,
              "HttpStatus": 304,
              "Size": 0,
              "URL": "https://opensource-demo.orangehrmlive.com/web/index.php/core/i18n/messages"
            },
            {
              "CompressionType": "",
              "DataType": "text/html",
              "DownloadTime": 359,
              "EventId": 967,
              "HttpStatus": 200,
              "Size": 9775,
              "URL": "https://opensource-demo.orangehrmlive.com/web/index.php/admin/viewSystemUsers"
            },
            {
              "CompressionType": "",
              "DataType": "text/html",
              "DownloadTime": 312,
              "EventId": 965,
              "HttpStatus": 302,
              "Size": 554,
              "URL": "https://opensource-demo.orangehrmlive.com/web/index.php/admin/viewAdminModule"
            },
            {
              "CompressionType": "",
              "DataType": "image/jpeg",
              "DownloadTime": 547,
              "EventId": 956,
              "HttpStatus": 200,
              "Size": 123537,
              "URL": "https://opensource-demo.orangehrmlive.com/web/index.php/buzz/photo/9"
            },
            {
              "CompressionType": "",
              "DataType": "image/jpeg",
              "DownloadTime": 328,
              "EventId": 953,
              "HttpStatus": 200,
              "Size": 21806,
              "URL": "https://opensource-demo.orangehrmlive.com/web/index.php/pim/viewPhoto/empNumber/11"
            },
            {
              "CompressionType": "",
              "DataType": "image/jpeg",
              "DownloadTime": 531,
              "EventId": 942,
              "HttpStatus": 200,
              "Size": 32878,
              "URL": "https://opensource-demo.orangehrmlive.com/web/index.php/pim/viewPhoto/empNumber/22"
            },
            {
              "CompressionType": "",
              "DataType": "image/jpeg",
              "DownloadTime": 562,
              "EventId": 934,
              "HttpStatus": 200,
              "Size": 89269,
              "URL": "https://opensource-demo.orangehrmlive.com/web/index.php/buzz/photo/11"
            },
            {
              "CompressionType": "",
              "DataType": "image/jpeg",
              "DownloadTime": 390,
              "EventId": 929,
              "HttpStatus": 200,
              "Size": 82749,
              "URL": "https://opensource-demo.orangehrmlive.com/web/index.php/pim/viewPhoto/empNumber/7"
            },
            {
              "CompressionType": "",
              "DataType": "image/jpeg",
              "DownloadTime": 547,
              "EventId": 927,
              "HttpStatus": 200,
              "Size": 20692,
              "URL": "https://opensource-demo.orangehrmlive.com/web/index.php/pim/viewPhoto/empNumber/2"
            },
            {
              "CompressionType": "",
              "DataType": "image/png",
              "DownloadTime": 328,
              "EventId": 924,
              "HttpStatus": 200,
              "Size": 41913,
              "URL": "https://opensource-demo.orangehrmlive.com/web/images/dashboard_empty_widget_watermark.png"
            },
            {
              "CompressionType": "",
              "DataType": "text/html",
              "DownloadTime": 344,
              "EventId": 920,
              "HttpStatus": 200,
              "Size": 0,
              "URL": "https://opensource-demo.orangehrmlive.com/web/index.php/events/push"
            },
            {
              "CompressionType": "",
              "DataType": "image/png",
              "DownloadTime": 172,
              "EventId": 918,
              "HttpStatus": 200,
              "Size": 2680,
              "URL": "https://opensource-demo.orangehrmlive.com/web/images/orangehrm-logo.png?v=1706326081969"
            },
            {
              "CompressionType": "",
              "DataType": "application/json",
              "DownloadTime": 407,
              "EventId": 916,
              "HttpStatus": 200,
              "Size": 273,
              "URL": "https://opensource-demo.orangehrmlive.com/web/index.php/api/v2/dashboard/employees/locations"
            },
            {
              "CompressionType": "",
              "DataType": "application/json",
              "DownloadTime": 485,
              "EventId": 914,
              "HttpStatus": 200,
              "Size": 325,
              "URL": "https://opensource-demo.orangehrmlive.com/web/index.php/api/v2/dashboard/employees/subunit"
            },
            {
              "CompressionType": "",
              "DataType": "application/json",
              "DownloadTime": 469,
              "EventId": 910,
              "HttpStatus": 200,
              "Size": 66,
              "URL": "https://opensource-demo.orangehrmlive.com/web/index.php/api/v2/dashboard/employees/leaves?date=2024-02-26"
            },
            {
              "CompressionType": "",
              "DataType": "application/json",
              "DownloadTime": 344,
              "EventId": 908,
              "HttpStatus": 200,
              "Size": 2254,
              "URL": "https://opensource-demo.orangehrmlive.com/web/index.php/api/v2/buzz/feed?limit=5&offset=0&sortOrder=DESC&sortField=share.createdAtUtc"
            },
            {
              "CompressionType": "",
              "DataType": "application/json",
              "DownloadTime": 343,
              "EventId": 906,
              "HttpStatus": 200,
              "Size": 183,
              "URL": "https://opensource-demo.orangehrmlive.com/web/index.php/api/v2/dashboard/shortcuts"
            },
            {
              "CompressionType": "",
              "DataType": "",
              "DownloadTime": 344,
              "EventId": 903,
              "HttpStatus": 200,
              "Size": 26312,
              "URL": "https://opensource-demo.orangehrmlive.com/web/dist/fonts/nunito-sans-v6-latin-ext_latin-700.woff2"
            },
            {
              "CompressionType": "",
              "DataType": "",
              "DownloadTime": 328,
              "EventId": 900,
              "HttpStatus": 200,
              "Size": 26800,
              "URL": "https://opensource-demo.orangehrmlive.com/web/dist/fonts/nunito-sans-v6-latin-ext_latin-italic.woff2"
            },
            {
              "CompressionType": "",
              "DataType": "application/json",
              "DownloadTime": 469,
              "EventId": 898,
              "HttpStatus": 200,
              "Size": 159,
              "URL": "https://opensource-demo.orangehrmlive.com/web/index.php/api/v2/dashboard/employees/action-summary"
            },
            {
              "CompressionType": "",
              "DataType": "application/json",
              "DownloadTime": 359,
              "EventId": 896,
              "HttpStatus": 200,
              "Size": 1185,
              "URL": "https://opensource-demo.orangehrmlive.com/web/index.php/api/v2/dashboard/employees/time-at-work?timezoneOffset=5.5&currentDate=2024-02-26&currentTime=14:45"
            },
            {
              "CompressionType": "",
              "DataType": "image/png",
              "DownloadTime": 156,
              "EventId": 878,
              "HttpStatus": 200,
              "Size": 16559,
              "URL": "https://opensource-demo.orangehrmlive.com/web/images/orange.png?v=1706326081969"
            },
            {
              "CompressionType": "",
              "DataType": "",
              "DownloadTime": 297,
              "EventId": 875,
              "HttpStatus": 304,
              "Size": 0,
              "URL": "https://opensource-demo.orangehrmlive.com/web/index.php/core/i18n/messages"
            },
            {
              "CompressionType": "",
              "DataType": "text/html",
              "DownloadTime": 391,
              "EventId": 873,
              "HttpStatus": 200,
              "Size": 6624,
              "URL": "https://opensource-demo.orangehrmlive.com/web/index.php/dashboard/index"
            },
            {
              "CompressionType": "",
              "DataType": "text/html",
              "DownloadTime": 704,
              "EventId": 871,
              "HttpStatus": 302,
              "Size": 530,
              "URL": "https://opensource-demo.orangehrmlive.com/web/index.php/auth/validate"
            },
            {
              "CompressionType": "",
              "DataType": "",
              "DownloadTime": 313,
              "EventId": 836,
              "HttpStatus": 200,
              "Size": 25820,
              "URL": "https://opensource-demo.orangehrmlive.com/web/dist/fonts/nunito-sans-v6-latin-ext_latin-600.woff2"
            },
            {
              "CompressionType": "",
              "DataType": "",
              "DownloadTime": 313,
              "EventId": 834,
              "HttpStatus": 200,
              "Size": 25884,
              "URL": "https://opensource-demo.orangehrmlive.com/web/dist/fonts/nunito-sans-v6-latin-ext_latin-regular.woff2"
            },
            {
              "CompressionType": "",
              "DataType": "",
              "DownloadTime": 297,
              "EventId": 831,
              "HttpStatus": 200,
              "Size": 25780,
              "URL": "https://opensource-demo.orangehrmlive.com/web/dist/fonts/nunito-sans-v6-latin-ext_latin-800.woff2"
            },
            {
              "CompressionType": "",
              "DataType": "",
              "DownloadTime": 297,
              "EventId": 803,
              "HttpStatus": 200,
              "Size": 121296,
              "URL": "https://opensource-demo.orangehrmlive.com/web/dist/fonts/bootstrap-icons.woff2"
            },
            {
              "CompressionType": "",
              "DataType": "image/svg+xml",
              "DownloadTime": 297,
              "EventId": 800,
              "HttpStatus": 200,
              "Size": 289,
              "URL": "https://opensource-demo.orangehrmlive.com/web/dist/img/blob.svg"
            },
            {
              "CompressionType": "",
              "DataType": "image/png",
              "DownloadTime": 141,
              "EventId": 797,
              "HttpStatus": 200,
              "Size": 324441,
              "URL": "https://opensource-demo.orangehrmlive.com/web/images/ohrm_logo.png"
            },
            {
              "CompressionType": "",
              "DataType": "image/png",
              "DownloadTime": 156,
              "EventId": 794,
              "HttpStatus": 200,
              "Size": 30411,
              "URL": "https://opensource-demo.orangehrmlive.com/web/images/ohrm_branding.png?v=1706326081969"
            },
            {
              "CompressionType": "",
              "DataType": "application/json",
              "DownloadTime": 266,
              "EventId": 784,
              "HttpStatus": 200,
              "Size": 100873,
              "URL": "https://opensource-demo.orangehrmlive.com/web/index.php/core/i18n/messages"
            },
            {
              "CompressionType": "",
              "DataType": "image/vnd.microsoft.icon",
              "DownloadTime": 157,
              "EventId": 782,
              "HttpStatus": 200,
              "Size": 564,
              "URL": "https://opensource-demo.orangehrmlive.com/web/dist/favicon.ico?v=1706326081969"
            },
            {
              "CompressionType": "",
              "DataType": "application/javascript",
              "DownloadTime": 296,
              "EventId": 638,
              "HttpStatus": 200,
              "Size": 1491165,
              "URL": "https://opensource-demo.orangehrmlive.com/web/dist/js/app.js?v=1706326081969"
            },
            {
              "CompressionType": "",
              "DataType": "text/css",
              "DownloadTime": 297,
              "EventId": 576,
              "HttpStatus": 200,
              "Size": 160886,
              "URL": "https://opensource-demo.orangehrmlive.com/web/dist/css/app.css?v=1706326081969"
            },
            {
              "CompressionType": "",
              "DataType": "application/javascript",
              "DownloadTime": 156,
              "EventId": 573,
              "HttpStatus": 200,
              "Size": 1625366,
              "URL": "https://opensource-demo.orangehrmlive.com/web/dist/js/chunk-vendors.js?v=1706326081969"
            },
            {
              "CompressionType": "",
              "DataType": "text/css",
              "DownloadTime": 297,
              "EventId": 549,
              "HttpStatus": 200,
              "Size": 249969,
              "URL": "https://opensource-demo.orangehrmlive.com/web/dist/css/chunk-vendors.css?v=1706326081969"
            },
            {
              "CompressionType": "",
              "DataType": "text/html",
              "DownloadTime": 312,
              "EventId": 546,
              "HttpStatus": 200,
              "Size": 3444,
              "URL": "https://opensource-demo.orangehrmlive.com/web/index.php/auth/login"
            },
            {
              "CompressionType": "",
              "DataType": "text/html",
              "DownloadTime": 172,
              "EventId": 541,
              "HttpStatus": 302,
              "Size": 0,
              "URL": "https://opensource-demo.orangehrmlive.com/"
            }
          ],
          "SSLCipher": "ECDHE-RSA-AES256-GCM-SHA384",
          "SSLVersion": "TLS1.2"
        }
      ],
      "IncludeInScript": true
    },
    {
      "DomainName": "googleapis.com",
      "Domains": [
        {
          "HTTPVersion": "HTTP/1.1",
          "IP": "142.250.205.227",
          "IncludeInScript": true,
          "Name": "update.googleapis.com",
          "Port": 443,
          "Requests": [
            {
              "CompressionType": "gzip",
              "DataType": "application/json",
              "DownloadTime": 282,
              "EventId": 979,
              "HttpStatus": 200,
              "Size": 922,
              "URL": "https://update.googleapis.com/service/update2/json?cup2key=13:gNDXbNmEErckmZZM2eScuYXzZkn1H9MnKSUKIUGw248&cup2hreq=22b37b49d74ec06bc9cd9cc40501b824d72ffabf07b7796034784cbf73924a61"
            }
          ],
          "SSLCipher": "TLS_AES_256_GCM_SHA384",
          "SSLVersion": "TLS1.3"
        },
        {
          "HTTPVersion": "HTTP/1.1",
          "IP": "142.250.196.74",
          "IncludeInScript": true,
          "Name": "content-autofill.googleapis.com",
          "Port": 443,
          "Requests": [
            {
              "CompressionType": "gzip",
              "DataType": "text/plain",
              "DownloadTime": 109,
              "EventId": 840,
              "HttpStatus": 200,
              "Size": 58,
              "URL": "https://content-autofill.googleapis.com/v1/pages/ChVDaHJvbWUvMTIxLjAuNjE2Ny4xODkSIAlx0MhB461LMBIFDeeNQA4SBQ3OQUx6IfSlwpWXzsx1?alt=proto"
            }
          ],
          "SSLCipher": "TLS_AES_256_GCM_SHA384",
          "SSLVersion": "TLS1.3"
        },
        {
          "HTTPVersion": "HTTP/1.1",
          "IP": "142.250.195.35",
          "IncludeInScript": true,
          "Name": "clientservices.googleapis.com",
          "Port": 443,
          "Requests": [
            {
              "CompressionType": "",
              "DataType": "",
              "DownloadTime": 218,
              "EventId": 543,
              "HttpStatus": 304,
              "Size": 0,
              "URL": "https://clientservices.googleapis.com/chrome-variations/seed?osname=win&channel=stable&milestone=121"
            }
          ],
          "SSLCipher": "TLS_AES_256_GCM_SHA384",
          "SSLVersion": "TLS1.3"
        }
      ],
      "IncludeInScript": true
    },
    {
      "DomainName": "google.com",
      "Domains": [
        {
          "HTTPVersion": "HTTP/1.1",
          "IP": "142.250.193.142",
          "IncludeInScript": true,
          "Name": "clients4.google.com",
          "Port": 443,
          "Requests": [
            {
              "CompressionType": "gzip",
              "DataType": "application/vnd.google.octet-stream-compressible",
              "DownloadTime": 313,
              "EventId": 863,
              "HttpStatus": 200,
              "Size": 256,
              "URL": "https://clients4.google.com/chrome-sync/command/?client=Google+Chrome&client_id=MnAOFDBFR25Voa33oElWlw%3D%3D"
            }
          ],
          "SSLCipher": "TLS_AES_256_GCM_SHA384",
          "SSLVersion": "TLS1.3"
        }
      ],
      "IncludeInScript": true
    }
  ],
  "WebSocket": {
    "IncludeInScript": false,
    "IsScriptIncludeWebSocket": false
  },
  "NumberOfCorrelations": 3
}